{"ppo_eval/": {"timesteps": 1464000, "returns": -2925.767578125}, "_runtime": 4422, "_timestamp": 1638643566, "_step": 2178, "ppo_train/": {"step": 0, "lr": 0.0003, "val_loss": 0.0038749855011701584, "pi_loss": -0.00400891900062561, "entropy": 1.4231109619140625, "approx_kl": 0.05459674075245857}}